/2017/02/
/2017/03/
/2017/04/
/2017/05/
/2017/06/
/category/fun/feed/
/category/lifestyle/feed/
/category/love/feed/
/category/people/
/category/personal/feed/
/category/urban/feed/
/comments/feed/
/feed/
/homepage-agency/page/2/
/homepage-creative-portfolio/page/2/
/homepage-one-page-image-slider/page/2/
/homepage-portfolio-with-left-header/page/2/
/portfolio-category/celebration/feed/
/projects/page/2/
/tag/diy/
/tag/downtown/
/tag/handcrafting/
/tag/paper/
/tag/team/
/type/quote/feed/
/wp-content/plugins/contact-form-7/includes/css/styles.css
/wp-content/plugins/contact-form-7/includes/js/scripts.js
/wp-content/plugins/delicious-addons-mora/extend-vc/core/assets/css/delicious-extend-vc.css
/wp-content/plugins/delicious-addons-mora/extend-vc/core/assets/css/delicious-plugins.css
/wp-content/plugins/delicious-addons-mora/extend-vc/core/assets/js/custom/custom-blog-carousel.js
/wp-content/plugins/delicious-addons-mora/extend-vc/core/assets/js/custom/custom-blog-grid.js
/wp-content/plugins/delicious-addons-mora/extend-vc/core/assets/js/custom/custom-clients.js
/wp-content/plugins/delicious-addons-mora/extend-vc/core/assets/js/custom/custom-dt.js
/wp-content/plugins/delicious-addons-mora/extend-vc/core/assets/js/custom/custom-gallery.js
/wp-content/plugins/delicious-addons-mora/extend-vc/core/assets/js/custom/custom-isotope-portfolio.js
/wp-content/plugins/delicious-addons-mora/extend-vc/core/assets/js/custom/custom-map.js
/wp-content/plugins/delicious-addons-mora/extend-vc/core/assets/js/custom/custom-skills.js
/wp-content/plugins/delicious-addons-mora/extend-vc/core/assets/js/custom/custom-slider.js
/wp-content/plugins/delicious-addons-mora/extend-vc/core/assets/js/custom/custom-social.js
/wp-content/plugins/delicious-addons-mora/extend-vc/core/assets/js/custom/custom-testimonials.js
/wp-content/plugins/delicious-addons-mora/extend-vc/core/assets/js/custom/custom-toggles.js
/wp-content/plugins/delicious-addons-mora/extend-vc/core/assets/js/custom/custom-waypoints.js
/wp-content/plugins/delicious-addons-mora/extend-vc/core/assets/js/jquery-ias.min.js
/wp-content/plugins/delicious-addons-mora/extend-vc/core/assets/js/jquery.countTo.js
/wp-content/plugins/delicious-addons-mora/extend-vc/core/assets/js/jquery.magnificpopup.min.js
/wp-content/plugins/delicious-addons-mora/extend-vc/core/assets/js/jquery.packery.js
/wp-content/plugins/delicious-addons-mora/extend-vc/core/assets/js/owlcarousel.js
/wp-content/plugins/delicious-addons-mora/extend-vc/core/assets/js/waypoints.min.js
/wp-content/plugins/js_composer/assets/css/js_composer.min.css
/wp-content/plugins/js_composer/assets/js/dist/js_composer_front.min.js
/wp-content/plugins/js_composer/assets/js/dist/vc_grid.min.js
/wp-content/plugins/js_composer/assets/lib/bower/animate-css/animate.min.css
/wp-content/plugins/js_composer/assets/lib/bower/font-awesome/css/font-awesome.min.css
/wp-content/plugins/js_composer/assets/lib/bower/imagesloaded/imagesloaded.pkgd.min.js
/wp-content/plugins/js_composer/assets/lib/bower/isotope/dist/isotope.pkgd.min.js
/wp-content/plugins/js_composer/assets/lib/bower/skrollr/dist/skrollr.min.js
/wp-content/plugins/js_composer/assets/lib/owl-carousel2-dist/assets/owl.min.css
/wp-content/plugins/js_composer/assets/lib/owl-carousel2-dist/owl.carousel.min.js
/wp-content/plugins/js_composer/assets/lib/prettyphoto/css/prettyPhoto.min.css
/wp-content/plugins/js_composer/assets/lib/prettyphoto/js/jquery.prettyPhoto.min.js
/wp-content/plugins/js_composer/assets/lib/vc_waypoints/vc-waypoints.min.js
/wp-content/plugins/revslider/public/assets/assets/dummy.png
/wp-content/plugins/revslider/public/assets/css/rs6.css
/wp-content/plugins/revslider/public/assets/fonts/font-awesome/css/font-awesome.css
/wp-content/plugins/revslider/public/assets/js/revolution.tools.min.js
/wp-content/plugins/revslider/public/assets/js/rs6.min.js
/wp-content/themes/mora/assets/fonts/et-line-font/et-line.css
/wp-content/themes/mora/assets/fonts/font-awesome/css/font-awesome.css
/wp-content/themes/mora/assets/fonts/simple-line-icons/simple-line-icons.css
/wp-content/themes/mora/assets/images/grid.svg
/wp-content/themes/mora/assets/js/custom-gallery.js
/wp-content/themes/mora/assets/js/custom-loader.js
/wp-content/themes/mora/assets/js/custom-masonry-blog.js
/wp-content/themes/mora/assets/js/custom-nav.js
/wp-content/themes/mora/assets/js/custom-navscroll.js
/wp-content/themes/mora/assets/js/custom-onepage-nav.js
/wp-content/themes/mora/assets/js/custom-scripts-header.js
/wp-content/themes/mora/assets/js/custom-social.js
/wp-content/themes/mora/assets/js/custom.js
/wp-content/themes/mora/assets/js/plugins/jquery-plugins.js
/wp-content/themes/mora/assets/js/plugins/jquery.queryloader2.js
/wp-content/themes/mora/assets/js/plugins/smoothScroll.js
/wp-content/themes/mora/style.css
/wp-content/uploads/2017/02/into-the-wild.jpg
/wp-content/uploads/2017/04/say-yes-to-detox.jpg
/wp-content/uploads/2017/05/austin-smart-70350.jpg
/wp-content/uploads/2017/05/charisse-kenion-229492.jpg
/wp-content/uploads/2017/05/christopher-sardegna-156.jpg
/wp-content/uploads/2017/05/igor-ovsyannykov-174012.jpg
/wp-content/uploads/2017/05/jason-briscoe-156649.jpg
/wp-content/uploads/2017/05/luis-tosta-269316-1.jpg
/wp-content/uploads/2017/05/nick-scheerbart-32085.jpg
/wp-content/uploads/2017/05/oliver-thomas-klein-144904.jpg
/wp-content/uploads/2017/06/2tlasvhqil0-eutah-mizushima.jpg
/wp-content/uploads/2017/06/3iezsaxmzzs-jamie-street.jpg
/wp-content/uploads/2017/06/50hs3azjsvq-neven-krcmarek.jpg
/wp-content/uploads/2017/06/7pgehyh7o64-leonardo-wong.jpg
/wp-content/uploads/2017/06/C3EWdWzT8imxs0fKeKoC_blackforrest.jpg
/wp-content/uploads/2017/06/NordWood-5147-600x900.jpg
/wp-content/uploads/2017/06/NordWood-5147.jpg
/wp-content/uploads/2017/06/NordWood-5149-600x900.jpg
/wp-content/uploads/2017/06/NordWood-5149.jpg
/wp-content/uploads/2017/06/NordWood-5301-600x900.jpg
/wp-content/uploads/2017/06/NordWood-5301.jpg
/wp-content/uploads/2017/06/NordWood-5307-600x900.jpg
/wp-content/uploads/2017/06/NordWood-5307.jpg
/wp-content/uploads/2017/06/NordWood-7149.jpg
/wp-content/uploads/2017/06/NordWood-7158.jpg
/wp-content/uploads/2017/06/NordWood-7166.jpg
/wp-content/uploads/2017/06/NordWood-7256.jpg
/wp-content/uploads/2017/06/NordWood-7269.jpg
/wp-content/uploads/2017/06/alexander-csontala-196084.jpg
/wp-content/uploads/2017/06/alphacolor-13-159845.jpg
/wp-content/uploads/2017/06/alphacolor-13-182248.jpg
/wp-content/uploads/2017/06/andre-hunter-181730.jpg
/wp-content/uploads/2017/06/andreas-ronningen-31674-1100x680.jpg
/wp-content/uploads/2017/06/andreas-ronningen-31674.jpg
/wp-content/uploads/2017/06/andy-matthews-217218.jpg
/wp-content/uploads/2017/06/anete-lusina-146471.jpg
/wp-content/uploads/2017/06/anete-lusina-146472.jpg
/wp-content/uploads/2017/06/annie-spratt-210740.jpg
/wp-content/uploads/2017/06/annie-spratt-218696.jpg
/wp-content/uploads/2017/06/annie-spratt-282808.jpg
/wp-content/uploads/2017/06/anton-mislawsky-160213.jpg
/wp-content/uploads/2017/06/avantgarde-1.png
/wp-content/uploads/2017/06/avantgarde.png
/wp-content/uploads/2017/06/ben-rosett-10613.jpg
/wp-content/uploads/2017/06/bewakoof-com-official-208003.jpg
/wp-content/uploads/2017/06/bibliotheca-universalis-640x400.jpg
/wp-content/uploads/2017/06/bibliotheca-universalis-759x294.jpg
/wp-content/uploads/2017/06/bibliotheca-universalis-banner.jpg
/wp-content/uploads/2017/06/bibliotheca-universalis.jpg
/wp-content/uploads/2017/06/breather-163392.jpg
/wp-content/uploads/2017/06/breather-163400.jpg
/wp-content/uploads/2017/06/breather-176229.jpg
/wp-content/uploads/2017/06/breather-187924.jpg
/wp-content/uploads/2017/06/breather-187929-1.jpg
/wp-content/uploads/2017/06/breather-187929.jpg
/wp-content/uploads/2017/06/breather-196129-1.jpg
/wp-content/uploads/2017/06/breather-196129.jpg
/wp-content/uploads/2017/06/breather-196132-1.jpg
/wp-content/uploads/2017/06/breather-196133.jpg
/wp-content/uploads/2017/06/brooke-cagle-170054.jpg
/wp-content/uploads/2017/06/brooke-cagle-199263.jpg
/wp-content/uploads/2017/06/brooke-cagle-38255.jpg
/wp-content/uploads/2017/06/brooke-lark-158017-1000x640.jpg
/wp-content/uploads/2017/06/brooke-lark-158017.jpg
/wp-content/uploads/2017/06/brooke-lark-158018-1000x640.jpg
/wp-content/uploads/2017/06/brooke-lark-158018.jpg
/wp-content/uploads/2017/06/bullseye-1.png
/wp-content/uploads/2017/06/bullseye.png
/wp-content/uploads/2017/06/carl-nenzen-loven-43549.jpg
/wp-content/uploads/2017/06/cayton-heath-60402-2.jpg
/wp-content/uploads/2017/06/childhood-memories-379x294.jpg
/wp-content/uploads/2017/06/childhood-memories-640x400.jpg
/wp-content/uploads/2017/06/childhood-memories.jpg
/wp-content/uploads/2017/06/christopher-gower-291239.jpg
/wp-content/uploads/2017/06/city-hall-960x640.jpg
/wp-content/uploads/2017/06/city-hall.jpg
/wp-content/uploads/2017/06/clarisse-meyer-279811.jpg
/wp-content/uploads/2017/06/contact-hero.jpg
/wp-content/uploads/2017/06/danielle-macinnes-51591.jpg
/wp-content/uploads/2017/06/dawid-sobolewski-285650.jpg
/wp-content/uploads/2017/06/engagement-960x640.jpg
/wp-content/uploads/2017/06/engagement.jpg
/wp-content/uploads/2017/06/evan-kirby-220746.jpg
/wp-content/uploads/2017/06/ezra-jeffrey-67142-1-1100x680.jpg
/wp-content/uploads/2017/06/ezra-jeffrey-67142-1.jpg
/wp-content/uploads/2017/06/fabian-irsara-92113.jpg
/wp-content/uploads/2017/06/fastlane-1.png
/wp-content/uploads/2017/06/fastlane.png
/wp-content/uploads/2017/06/felix-russell-saw-172921.jpg
/wp-content/uploads/2017/06/felix-russell-saw-251618.jpg
/wp-content/uploads/2017/06/fitness-routine-379x294.jpg
/wp-content/uploads/2017/06/fitness-routine-640x400.jpg
/wp-content/uploads/2017/06/fitness-routine.jpg
/wp-content/uploads/2017/06/golden.png
/wp-content/uploads/2017/06/healthy-living-389x629.jpg
/wp-content/uploads/2017/06/healthy-living-960x640.jpg
/wp-content/uploads/2017/06/honeymoon-project-960x640.jpg
/wp-content/uploads/2017/06/honeymoon-project.jpg
/wp-content/uploads/2017/06/ideabox-1.png
/wp-content/uploads/2017/06/ideabox.png
/wp-content/uploads/2017/06/igor-ovsyannykov-174011-1.jpg
/wp-content/uploads/2017/06/india-tupy-171305.jpg
/wp-content/uploads/2017/06/interior-498x788.jpg
/wp-content/uploads/2017/06/interior.jpg
/wp-content/uploads/2017/06/irene-van-der-poel-8545.jpg
/wp-content/uploads/2017/06/joanna-kosinska-71802-1000x640.jpg
/wp-content/uploads/2017/06/joanna-kosinska-71802.jpg
/wp-content/uploads/2017/06/kai-oberhauser-56032.jpg
/wp-content/uploads/2017/06/kats-weil-133302.jpg
/wp-content/uploads/2017/06/landscape-498x788.jpg
/wp-content/uploads/2017/06/lazy-sunday-379x294.jpg
/wp-content/uploads/2017/06/love-the-dress-960x640.jpg
/wp-content/uploads/2017/06/love-the-dress.jpg
/wp-content/uploads/2017/06/luca-bravo-210213.jpg
/wp-content/uploads/2017/06/luis-tosta-269316.jpg
/wp-content/uploads/2017/06/magic-words-379x294.jpg
/wp-content/uploads/2017/06/mayur-gala-487-1-1100x680.jpg
/wp-content/uploads/2017/06/mayur-gala-487-1.jpg
/wp-content/uploads/2017/06/michael-mroczek-195362.jpg
/wp-content/uploads/2017/06/mike-wilson-191639.jpg
/wp-content/uploads/2017/06/morning-habits-389x629.jpg
/wp-content/uploads/2017/06/multitasking-379x294.jpg
/wp-content/uploads/2017/06/multitasking-640x400.jpg
/wp-content/uploads/2017/06/multitasking.jpg
/wp-content/uploads/2017/06/norcold-1.png
/wp-content/uploads/2017/06/norcold.png
/wp-content/uploads/2017/06/oliver-thomas-klein-144899.jpg
/wp-content/uploads/2017/06/omar-lopez-242678.jpg
/wp-content/uploads/2017/06/ostrich-cafe.png
/wp-content/uploads/2017/06/outdoor-essentials-1.jpg
/wp-content/uploads/2017/06/paul-garcia-fotografia-217101.jpg
/wp-content/uploads/2017/06/photo-1436397543931-01c4a5162bdb.jpg
/wp-content/uploads/2017/06/photo-1444703686981-a3abbc4d4fe3.jpg
/wp-content/uploads/2017/06/portrait-498x788.jpg
/wp-content/uploads/2017/06/portrait.jpg
/wp-content/uploads/2017/06/rawpixel-com-243096.jpg
/wp-content/uploads/2017/06/reception-project-960x640.jpg
/wp-content/uploads/2017/06/reception-project.jpg
/wp-content/uploads/2017/06/ricardo-gomez-angel-176777.jpg
/wp-content/uploads/2017/06/ron-jones.png
/wp-content/uploads/2017/06/roya-ann-miller-200123.jpg
/wp-content/uploads/2017/06/sambazon-63913-1000x640.jpg
/wp-content/uploads/2017/06/sambazon-63913.jpg
/wp-content/uploads/2017/06/samuel-zeller-242172.jpg
/wp-content/uploads/2017/06/scott-webb-81713.jpg
/wp-content/uploads/2017/06/simone-acquaroli-263190.jpg
/wp-content/uploads/2017/06/spare-time-activities.jpg
/wp-content/uploads/2017/06/spring-is-coming.jpg
/wp-content/uploads/2017/06/subtle-artwork-379x294.jpg
/wp-content/uploads/2017/06/sweet-ice-cream-photography-123164.jpg
/wp-content/uploads/2017/06/sweet-ice-cream-photography-170766-1.jpg
/wp-content/uploads/2017/06/sweet-ice-cream-photography-79569.jpg
/wp-content/uploads/2017/06/sweet-ice-cream-photography-83915-1100x680.jpg
/wp-content/uploads/2017/06/sweet-ice-cream-photography-83915.jpg
/wp-content/uploads/2017/06/sweet-ice-cream-photography-90425-1.jpg
/wp-content/uploads/2017/06/sweet-ice-cream-photography-90425.jpg
/wp-content/uploads/2017/06/sweety-cafeteria-1.png
/wp-content/uploads/2017/06/sweety-cafeteria.png
/wp-content/uploads/2017/06/tamara-menzi-224980.jpg
/wp-content/uploads/2017/06/team-building-2-780x408.jpg
/wp-content/uploads/2017/06/team-building-2.jpg
/wp-content/uploads/2017/06/team-building-3-780x408.jpg
/wp-content/uploads/2017/06/team-building-3.jpg
/wp-content/uploads/2017/06/team-building-780x408.jpg
/wp-content/uploads/2017/06/team-building.jpg
/wp-content/uploads/2017/06/team-member-1.jpg
/wp-content/uploads/2017/06/team-member-2.jpg
/wp-content/uploads/2017/06/team-member-3.jpg
/wp-content/uploads/2017/06/team-member-4.jpg
/wp-content/uploads/2017/06/teddy-kelley-67977-1100x680.jpg
/wp-content/uploads/2017/06/teddy-kelley-67977.jpg
/wp-content/uploads/2017/06/testimonial-1-90x90.jpg
/wp-content/uploads/2017/06/testimonial-2-90x90.jpg
/wp-content/uploads/2017/06/testimonial-2-90x90.png
/wp-content/uploads/2017/06/testimonial-3-90x90.jpg
/wp-content/uploads/2017/06/testimonial-bell-90x90.png
/wp-content/uploads/2017/06/testimonial-leaf-90x90.png
/wp-content/uploads/2017/06/the-big-day.jpg
/wp-content/uploads/2017/06/the-prestige-379x294.jpg
/wp-content/uploads/2017/06/the-prestige-960x640.jpg
/wp-content/uploads/2017/06/the-zen-room-640x400.jpg
/wp-content/uploads/2017/06/the-zen-room-759x589.jpg
/wp-content/uploads/2017/06/the-zen-room-960x640.jpg
/wp-content/uploads/2017/06/the-zen-room.jpg
/wp-content/uploads/2017/06/tjwuhtidzws-cynthia-del-rio.jpg
/wp-content/uploads/2017/06/toa-heftiba-214333.jpg
/wp-content/uploads/2017/06/tom-coomer-218401.jpg
/wp-content/uploads/2017/06/tom-pumford-225323.jpg
/wp-content/uploads/2017/06/travel-498x788.jpg
/wp-content/uploads/2017/06/urban-adventure-1.jpg
/wp-content/uploads/2017/06/vladimir-kudinov-58770-1-1100x680.jpg
/wp-content/uploads/2017/06/vladimir-kudinov-58770-1.jpg
/wp-content/uploads/2017/06/wedding-project-1-960x640.jpg
/wp-content/uploads/2017/06/wedding-project-1.jpg
/wp-content/uploads/2017/06/weddings-498x788.jpg
/wp-content/uploads/2017/06/workspace-1-600x900.jpg
/wp-content/uploads/2017/06/workspace-1.jpg
/wp-content/uploads/2017/06/workspace-2-600x900.jpg
/wp-content/uploads/2017/06/workspace-2.jpg
/wp-content/uploads/2017/07/alvin-mahmudov-172232.jpg
/wp-content/uploads/2017/07/cayton-heath-60402-1.jpg
/wp-content/uploads/2017/07/chuttersnap-198430.jpg
/wp-content/uploads/2017/07/eric-alves-145943.jpg
/wp-content/uploads/2017/07/eric-ward-284634.jpg
/wp-content/uploads/2017/07/igor-ovsyannykov-225507.jpg
/wp-content/uploads/2017/07/jaime-arrieta-237601.jpg
/wp-content/uploads/2017/07/jimmy-bay-276331.jpg
/wp-content/uploads/2017/07/lanty-291235.jpg
/wp-content/uploads/2017/07/liam-pozz-247954.jpg
/wp-content/uploads/2017/07/olenka-kotyk-21078.jpg
/wp-content/uploads/2017/07/oriol-casas-92690.jpg
/wp-content/uploads/2017/07/personal-wardrobe-759x294.jpg
/wp-content/uploads/2017/07/photo-nic-co-uk-nic-148654.jpg
/wp-content/uploads/2017/07/playful-thoughts-379x294.jpg
/wp-content/uploads/2017/07/rebe-adelaida-293711.jpg
/wp-content/uploads/2017/07/roman-kraft-112141.jpg
/wp-content/uploads/2017/07/stacy-wyss-702.jpg
/wp-content/uploads/2017/07/tianshu-liu-242331.jpg
/wp-content/uploads/2017/07/tom-pumford-223709.jpg
/wp-content/uploads/revslider/into-the-woods.jpg
/wp-content/uploads/revslider/mora-slide-3-1.jpg
/wp-content/uploads/revslider/portfolio-slide.jpg
/wp-content/uploads/revslider/portfolio-slider-3.jpg
/wp-content/uploads/revslider/portfolio-slider.jpg
/wp-content/uploads/revslider/slider-background.jpg
/wp-includes/js/jquery/jquery-migrate.min.js
/wp-includes/js/jquery/jquery.js
/wp-includes/js/underscore.min.js
/wp-json/
/wp-json/oembed/1.0/embed